image_name,label
image_0000.png,forest
image_0001.png,deforested
image_0002.png,forest
image_0003.png,forest
image_0004.png,forest
image_0005.png,deforested
image_0006.png,forest
image_0007.png,forest
image_0008.png,forest
image_0009.png,deforested
image_0010.png,forest
image_0011.png,deforested
image_0012.png,deforested
image_0013.png,deforested
image_0014.png,deforested
image_0015.png,forest
image_0016.png,deforested
image_0017.png,deforested
image_0018.png,forest
image_0019.png,deforested
image_0020.png,forest
image_0021.png,forest
image_0022.png,deforested
image_0023.png,forest
image_0024.png,forest
image_0025.png,forest
image_0026.png,deforested
image_0027.png,deforested
image_0028.png,forest
image_0029.png,deforested
image_0030.png,deforested
image_0031.png,deforested
image_0032.png,deforested
image_0033.png,forest
image_0034.png,forest
image_0035.png,forest
image_0036.png,deforested
image_0037.png,forest
image_0038.png,forest
image_0039.png,deforested
image_0040.png,deforested
image_0041.png,deforested
image_0042.png,deforested
image_0043.png,forest
image_0044.png,forest
image_0045.png,forest
image_0046.png,deforested
image_0047.png,forest
image_0048.png,deforested
image_0049.png,forest
image_0050.png,deforested
image_0051.png,deforested
image_0052.png,forest
image_0053.png,forest
image_0054.png,forest
image_0055.png,forest
image_0056.png,forest
image_0057.png,deforested
image_0058.png,deforested
image_0059.png,forest
image_0060.png,deforested
image_0061.png,deforested
image_0062.png,forest
image_0063.png,deforested
image_0064.png,forest
image_0065.png,forest
image_0066.png,forest
image_0067.png,deforested
image_0068.png,deforested
image_0069.png,forest
image_0070.png,deforested
image_0071.png,deforested
image_0072.png,deforested
image_0073.png,deforested
image_0074.png,forest
image_0075.png,forest
image_0076.png,forest
image_0077.png,forest
image_0078.png,deforested
image_0079.png,forest
image_0080.png,deforested
image_0081.png,forest
image_0082.png,forest
image_0083.png,forest
image_0084.png,deforested
image_0085.png,deforested
image_0086.png,deforested
image_0087.png,forest
image_0088.png,forest
image_0089.png,forest
image_0090.png,deforested
image_0091.png,deforested
image_0092.png,forest
image_0093.png,deforested
image_0094.png,forest
image_0095.png,deforested
image_0096.png,deforested
image_0097.png,deforested
image_0098.png,deforested
image_0099.png,deforested
image_0100.png,deforested
image_0101.png,forest
image_0102.png,deforested
image_0103.png,deforested
image_0104.png,deforested
image_0105.png,forest
image_0106.png,deforested
image_0107.png,deforested
image_0108.png,forest
image_0109.png,forest
image_0110.png,deforested
image_0111.png,deforested
image_0112.png,deforested
image_0113.png,forest
image_0114.png,forest
image_0115.png,forest
image_0116.png,deforested
image_0117.png,deforested
image_0118.png,forest
image_0119.png,deforested
image_0120.png,deforested
image_0121.png,forest
image_0122.png,deforested
image_0123.png,forest
image_0124.png,forest
image_0125.png,deforested
image_0126.png,deforested
image_0127.png,forest
image_0128.png,forest
image_0129.png,deforested
image_0130.png,forest
image_0131.png,deforested
image_0132.png,deforested
image_0133.png,forest
image_0134.png,deforested
image_0135.png,deforested
image_0136.png,deforested
image_0137.png,forest
image_0138.png,forest
image_0139.png,deforested
image_0140.png,forest
image_0141.png,forest
image_0142.png,deforested
image_0143.png,forest
image_0144.png,deforested
image_0145.png,deforested
image_0146.png,deforested
image_0147.png,forest
image_0148.png,deforested
image_0149.png,deforested
image_0150.png,deforested
image_0151.png,forest
image_0152.png,deforested
image_0153.png,deforested
image_0154.png,forest
image_0155.png,deforested
image_0156.png,forest
image_0157.png,deforested
image_0158.png,forest
image_0159.png,deforested
image_0160.png,deforested
image_0161.png,deforested
image_0162.png,deforested
image_0163.png,forest
image_0164.png,forest
image_0165.png,forest
image_0166.png,deforested
image_0167.png,deforested
image_0168.png,forest
image_0169.png,forest
image_0170.png,forest
image_0171.png,deforested
image_0172.png,forest
image_0173.png,deforested
image_0174.png,forest
image_0175.png,forest
image_0176.png,deforested
image_0177.png,forest
image_0178.png,deforested
image_0179.png,forest
image_0180.png,deforested
image_0181.png,forest
image_0182.png,deforested
image_0183.png,deforested
image_0184.png,forest
image_0185.png,forest
image_0186.png,deforested
image_0187.png,forest
image_0188.png,forest
image_0189.png,forest
image_0190.png,deforested
image_0191.png,forest
image_0192.png,forest
image_0193.png,deforested
image_0194.png,deforested
image_0195.png,forest
image_0196.png,deforested
image_0197.png,deforested
image_0198.png,forest
image_0199.png,forest
image_0200.png,deforested
image_0201.png,forest
image_0202.png,forest
image_0203.png,deforested
image_0204.png,forest
image_0205.png,forest
image_0206.png,forest
image_0207.png,deforested
image_0208.png,deforested
image_0209.png,forest
image_0210.png,deforested
image_0211.png,deforested
image_0212.png,forest
image_0213.png,deforested
image_0214.png,deforested
image_0215.png,forest
image_0216.png,deforested
image_0217.png,forest
image_0218.png,deforested
image_0219.png,forest
image_0220.png,deforested
image_0221.png,deforested
image_0222.png,deforested
image_0223.png,forest
image_0224.png,deforested
image_0225.png,deforested
image_0226.png,deforested
image_0227.png,forest
image_0228.png,forest
image_0229.png,deforested
image_0230.png,deforested
image_0231.png,deforested
image_0232.png,forest
image_0233.png,forest
image_0234.png,deforested
image_0235.png,forest
image_0236.png,forest
image_0237.png,forest
image_0238.png,forest
image_0239.png,deforested
image_0240.png,forest
image_0241.png,deforested
image_0242.png,deforested
image_0243.png,forest
image_0244.png,deforested
image_0245.png,deforested
image_0246.png,forest
image_0247.png,forest
image_0248.png,deforested
image_0249.png,forest
image_0250.png,forest
image_0251.png,forest
image_0252.png,deforested
image_0253.png,deforested
image_0254.png,forest
image_0255.png,deforested
image_0256.png,forest
image_0257.png,forest
image_0258.png,forest
image_0259.png,forest
image_0260.png,forest
image_0261.png,forest
image_0262.png,forest
image_0263.png,deforested
image_0264.png,forest
image_0265.png,forest
image_0266.png,forest
image_0267.png,forest
image_0268.png,deforested
image_0269.png,forest
image_0270.png,forest
image_0271.png,deforested
image_0272.png,deforested
image_0273.png,forest
image_0274.png,deforested
image_0275.png,deforested
image_0276.png,deforested
image_0277.png,forest
image_0278.png,deforested
image_0279.png,forest
image_0280.png,deforested
image_0281.png,deforested
image_0282.png,deforested
image_0283.png,deforested
image_0284.png,forest
image_0285.png,deforested
image_0286.png,deforested
image_0287.png,forest
image_0288.png,forest
image_0289.png,forest
image_0290.png,deforested
image_0291.png,forest
image_0292.png,forest
image_0293.png,forest
image_0294.png,forest
image_0295.png,deforested
image_0296.png,forest
image_0297.png,deforested
image_0298.png,deforested
image_0299.png,deforested
image_0300.png,deforested
image_0301.png,forest
image_0302.png,forest
image_0303.png,forest
image_0304.png,forest
image_0305.png,forest
image_0306.png,forest
image_0307.png,forest
image_0308.png,forest
image_0309.png,forest
image_0310.png,forest
image_0311.png,deforested
image_0312.png,forest
image_0313.png,deforested
image_0314.png,forest
image_0315.png,forest
image_0316.png,deforested
image_0317.png,forest
image_0318.png,deforested
image_0319.png,forest
image_0320.png,forest
image_0321.png,forest
image_0322.png,deforested
image_0323.png,deforested
image_0324.png,deforested
image_0325.png,deforested
image_0326.png,forest
image_0327.png,forest
image_0328.png,forest
image_0329.png,forest
image_0330.png,forest
image_0331.png,forest
image_0332.png,forest
image_0333.png,forest
image_0334.png,forest
image_0335.png,forest
image_0336.png,forest
image_0337.png,forest
image_0338.png,forest
image_0339.png,forest
image_0340.png,forest
image_0341.png,deforested
image_0342.png,forest
image_0343.png,deforested
image_0344.png,deforested
image_0345.png,deforested
image_0346.png,forest
image_0347.png,forest
image_0348.png,deforested
image_0349.png,deforested
image_0350.png,deforested
image_0351.png,forest
image_0352.png,deforested
image_0353.png,deforested
image_0354.png,forest
image_0355.png,deforested
image_0356.png,deforested
image_0357.png,forest
image_0358.png,deforested
image_0359.png,forest
image_0360.png,deforested
image_0361.png,deforested
image_0362.png,deforested
image_0363.png,deforested
image_0364.png,forest
image_0365.png,forest
image_0366.png,forest
image_0367.png,deforested
image_0368.png,forest
image_0369.png,forest
image_0370.png,deforested
image_0371.png,deforested
image_0372.png,forest
image_0373.png,deforested
image_0374.png,forest
image_0375.png,forest
image_0376.png,forest
image_0377.png,deforested
image_0378.png,deforested
image_0379.png,deforested
image_0380.png,deforested
image_0381.png,forest
image_0382.png,forest
image_0383.png,forest
image_0384.png,deforested
image_0385.png,forest
image_0386.png,forest
image_0387.png,deforested
image_0388.png,forest
image_0389.png,deforested
image_0390.png,forest
image_0391.png,deforested
image_0392.png,forest
image_0393.png,forest
image_0394.png,deforested
image_0395.png,forest
image_0396.png,forest
image_0397.png,deforested
image_0398.png,deforested
image_0399.png,deforested
image_0400.png,forest
image_0401.png,deforested
image_0402.png,deforested
image_0403.png,forest
image_0404.png,deforested
image_0405.png,forest
image_0406.png,forest
image_0407.png,deforested
image_0408.png,forest
image_0409.png,deforested
image_0410.png,deforested
image_0411.png,deforested
image_0412.png,forest
image_0413.png,forest
image_0414.png,forest
image_0415.png,forest
image_0416.png,deforested
image_0417.png,deforested
image_0418.png,deforested
image_0419.png,forest
image_0420.png,forest
image_0421.png,forest
image_0422.png,forest
image_0423.png,deforested
image_0424.png,forest
image_0425.png,forest
image_0426.png,forest
image_0427.png,deforested
image_0428.png,deforested
image_0429.png,forest
image_0430.png,forest
image_0431.png,forest
image_0432.png,forest
image_0433.png,forest
image_0434.png,forest
image_0435.png,deforested
image_0436.png,deforested
image_0437.png,forest
image_0438.png,forest
image_0439.png,deforested
image_0440.png,forest
image_0441.png,deforested
image_0442.png,forest
image_0443.png,deforested
image_0444.png,deforested
image_0445.png,deforested
image_0446.png,forest
image_0447.png,deforested
image_0448.png,deforested
image_0449.png,forest
image_0450.png,deforested
image_0451.png,deforested
image_0452.png,forest
image_0453.png,deforested
image_0454.png,forest
image_0455.png,deforested
image_0456.png,deforested
image_0457.png,forest
image_0458.png,forest
image_0459.png,forest
image_0460.png,forest
image_0461.png,deforested
image_0462.png,deforested
image_0463.png,deforested
image_0464.png,deforested
image_0465.png,forest
image_0466.png,forest
image_0467.png,forest
image_0468.png,forest
image_0469.png,forest
image_0470.png,forest
image_0471.png,forest
image_0472.png,forest
image_0473.png,forest
image_0474.png,deforested
image_0475.png,forest
image_0476.png,forest
image_0477.png,forest
image_0478.png,forest
image_0479.png,forest
image_0480.png,deforested
image_0481.png,forest
image_0482.png,forest
image_0483.png,deforested
image_0484.png,deforested
image_0485.png,forest
image_0486.png,forest
image_0487.png,deforested
image_0488.png,forest
image_0489.png,deforested
image_0490.png,forest
image_0491.png,deforested
image_0492.png,deforested
image_0493.png,forest
image_0494.png,deforested
image_0495.png,deforested
image_0496.png,forest
image_0497.png,forest
image_0498.png,forest
image_0499.png,deforested
image_0500.png,deforested
image_0501.png,forest
image_0502.png,forest
image_0503.png,deforested
image_0504.png,forest
image_0505.png,forest
image_0506.png,deforested
image_0507.png,forest
image_0508.png,deforested
image_0509.png,deforested
image_0510.png,forest
image_0511.png,deforested
image_0512.png,deforested
image_0513.png,deforested
image_0514.png,forest
image_0515.png,forest
image_0516.png,forest
image_0517.png,deforested
image_0518.png,deforested
image_0519.png,deforested
image_0520.png,forest
image_0521.png,deforested
image_0522.png,forest
image_0523.png,forest
image_0524.png,forest
image_0525.png,forest
image_0526.png,deforested
image_0527.png,forest
image_0528.png,forest
image_0529.png,forest
image_0530.png,forest
image_0531.png,deforested
image_0532.png,forest
image_0533.png,deforested
image_0534.png,forest
image_0535.png,deforested
image_0536.png,deforested
image_0537.png,forest
image_0538.png,forest
image_0539.png,forest
image_0540.png,forest
image_0541.png,forest
image_0542.png,deforested
image_0543.png,forest
image_0544.png,deforested
image_0545.png,forest
image_0546.png,deforested
image_0547.png,deforested
image_0548.png,forest
image_0549.png,forest
image_0550.png,deforested
image_0551.png,deforested
image_0552.png,forest
image_0553.png,deforested
image_0554.png,forest
image_0555.png,deforested
image_0556.png,deforested
image_0557.png,deforested
image_0558.png,deforested
image_0559.png,deforested
image_0560.png,deforested
image_0561.png,deforested
image_0562.png,deforested
image_0563.png,forest
image_0564.png,deforested
image_0565.png,deforested
image_0566.png,forest
image_0567.png,deforested
image_0568.png,deforested
image_0569.png,forest
image_0570.png,forest
image_0571.png,deforested
image_0572.png,forest
image_0573.png,deforested
image_0574.png,deforested
image_0575.png,deforested
image_0576.png,forest
image_0577.png,deforested
image_0578.png,deforested
image_0579.png,forest
image_0580.png,deforested
image_0581.png,forest
image_0582.png,deforested
image_0583.png,forest
image_0584.png,deforested
image_0585.png,forest
image_0586.png,deforested
image_0587.png,deforested
image_0588.png,deforested
image_0589.png,forest
image_0590.png,deforested
image_0591.png,deforested
image_0592.png,deforested
image_0593.png,forest
image_0594.png,forest
image_0595.png,forest
image_0596.png,deforested
image_0597.png,forest
image_0598.png,forest
image_0599.png,forest
image_0600.png,deforested
image_0601.png,forest
image_0602.png,deforested
image_0603.png,forest
image_0604.png,forest
image_0605.png,deforested
image_0606.png,deforested
image_0607.png,deforested
image_0608.png,forest
image_0609.png,deforested
image_0610.png,deforested
image_0611.png,deforested
image_0612.png,forest
image_0613.png,forest
image_0614.png,forest
image_0615.png,deforested
image_0616.png,forest
image_0617.png,forest
image_0618.png,deforested
image_0619.png,forest
image_0620.png,forest
image_0621.png,deforested
image_0622.png,forest
image_0623.png,deforested
image_0624.png,forest
image_0625.png,forest
image_0626.png,forest
image_0627.png,forest
image_0628.png,deforested
image_0629.png,deforested
image_0630.png,forest
image_0631.png,forest
image_0632.png,deforested
image_0633.png,deforested
image_0634.png,deforested
image_0635.png,forest
image_0636.png,forest
image_0637.png,deforested
image_0638.png,forest
image_0639.png,forest
image_0640.png,deforested
image_0641.png,forest
image_0642.png,deforested
image_0643.png,deforested
image_0644.png,forest
image_0645.png,deforested
image_0646.png,deforested
image_0647.png,forest
image_0648.png,deforested
image_0649.png,forest
image_0650.png,forest
image_0651.png,deforested
image_0652.png,forest
image_0653.png,deforested
image_0654.png,forest
image_0655.png,deforested
image_0656.png,forest
image_0657.png,deforested
image_0658.png,deforested
image_0659.png,deforested
image_0660.png,deforested
image_0661.png,forest
image_0662.png,deforested
image_0663.png,forest
image_0664.png,deforested
image_0665.png,forest
image_0666.png,deforested
image_0667.png,deforested
image_0668.png,forest
image_0669.png,deforested
image_0670.png,deforested
image_0671.png,forest
image_0672.png,deforested
image_0673.png,deforested
image_0674.png,forest
image_0675.png,deforested
image_0676.png,deforested
image_0677.png,forest
image_0678.png,forest
image_0679.png,deforested
image_0680.png,forest
image_0681.png,deforested
image_0682.png,deforested
image_0683.png,deforested
image_0684.png,forest
image_0685.png,deforested
image_0686.png,deforested
image_0687.png,forest
image_0688.png,forest
image_0689.png,forest
image_0690.png,forest
image_0691.png,deforested
image_0692.png,forest
image_0693.png,deforested
image_0694.png,deforested
image_0695.png,forest
image_0696.png,deforested
image_0697.png,deforested
image_0698.png,deforested
image_0699.png,deforested
image_0700.png,deforested
image_0701.png,deforested
image_0702.png,forest
image_0703.png,deforested
image_0704.png,forest
image_0705.png,forest
image_0706.png,forest
image_0707.png,deforested
image_0708.png,deforested
image_0709.png,forest
image_0710.png,deforested
image_0711.png,deforested
image_0712.png,forest
image_0713.png,forest
image_0714.png,forest
image_0715.png,deforested
image_0716.png,forest
image_0717.png,forest
image_0718.png,forest
image_0719.png,deforested
image_0720.png,deforested
image_0721.png,forest
image_0722.png,deforested
image_0723.png,forest
image_0724.png,forest
image_0725.png,forest
image_0726.png,forest
image_0727.png,forest
image_0728.png,deforested
image_0729.png,forest
image_0730.png,forest
image_0731.png,forest
image_0732.png,forest
image_0733.png,deforested
image_0734.png,deforested
image_0735.png,forest
image_0736.png,forest
image_0737.png,deforested
image_0738.png,deforested
image_0739.png,forest
image_0740.png,deforested
image_0741.png,deforested
image_0742.png,forest
image_0743.png,forest
image_0744.png,forest
image_0745.png,forest
image_0746.png,deforested
image_0747.png,deforested
image_0748.png,deforested
image_0749.png,forest
image_0750.png,deforested
image_0751.png,deforested
image_0752.png,forest
image_0753.png,deforested
image_0754.png,forest
image_0755.png,forest
image_0756.png,deforested
image_0757.png,deforested
image_0758.png,forest
image_0759.png,deforested
image_0760.png,deforested
image_0761.png,deforested
image_0762.png,forest
image_0763.png,forest
image_0764.png,forest
image_0765.png,forest
image_0766.png,deforested
image_0767.png,forest
image_0768.png,forest
image_0769.png,forest
image_0770.png,deforested
image_0771.png,deforested
image_0772.png,forest
image_0773.png,deforested
image_0774.png,forest
image_0775.png,forest
image_0776.png,forest
image_0777.png,forest
image_0778.png,forest
image_0779.png,deforested
image_0780.png,forest
image_0781.png,forest
image_0782.png,forest
image_0783.png,deforested
image_0784.png,forest
image_0785.png,deforested
image_0786.png,deforested
image_0787.png,deforested
image_0788.png,deforested
image_0789.png,forest
image_0790.png,forest
image_0791.png,deforested
image_0792.png,forest
image_0793.png,forest
image_0794.png,forest
image_0795.png,forest
image_0796.png,forest
image_0797.png,forest
image_0798.png,forest
image_0799.png,deforested
image_0800.png,deforested
image_0801.png,deforested
image_0802.png,deforested
image_0803.png,forest
image_0804.png,deforested
image_0805.png,deforested
image_0806.png,deforested
image_0807.png,forest
image_0808.png,forest
image_0809.png,deforested
image_0810.png,deforested
image_0811.png,deforested
image_0812.png,deforested
image_0813.png,forest
image_0814.png,deforested
image_0815.png,deforested
image_0816.png,deforested
image_0817.png,forest
image_0818.png,deforested
image_0819.png,forest
image_0820.png,deforested
image_0821.png,forest
image_0822.png,deforested
image_0823.png,deforested
image_0824.png,forest
image_0825.png,deforested
image_0826.png,forest
image_0827.png,deforested
image_0828.png,deforested
image_0829.png,deforested
image_0830.png,forest
image_0831.png,forest
image_0832.png,forest
image_0833.png,deforested
image_0834.png,forest
image_0835.png,forest
image_0836.png,deforested
image_0837.png,deforested
image_0838.png,deforested
image_0839.png,forest
image_0840.png,forest
image_0841.png,forest
image_0842.png,forest
image_0843.png,deforested
image_0844.png,deforested
image_0845.png,deforested
image_0846.png,deforested
image_0847.png,deforested
image_0848.png,forest
image_0849.png,forest
image_0850.png,forest
image_0851.png,forest
image_0852.png,forest
image_0853.png,forest
image_0854.png,deforested
image_0855.png,deforested
image_0856.png,deforested
image_0857.png,deforested
image_0858.png,forest
image_0859.png,deforested
image_0860.png,deforested
image_0861.png,forest
image_0862.png,forest
image_0863.png,forest
image_0864.png,deforested
image_0865.png,forest
image_0866.png,deforested
image_0867.png,forest
image_0868.png,deforested
image_0869.png,deforested
image_0870.png,deforested
image_0871.png,forest
image_0872.png,deforested
image_0873.png,forest
image_0874.png,forest
image_0875.png,forest
image_0876.png,forest
image_0877.png,deforested
image_0878.png,forest
image_0879.png,deforested
image_0880.png,forest
image_0881.png,deforested
image_0882.png,forest
image_0883.png,deforested
image_0884.png,forest
image_0885.png,deforested
image_0886.png,deforested
image_0887.png,deforested
image_0888.png,forest
image_0889.png,forest
image_0890.png,deforested
image_0891.png,forest
image_0892.png,deforested
image_0893.png,deforested
image_0894.png,forest
image_0895.png,deforested
image_0896.png,deforested
image_0897.png,forest
image_0898.png,deforested
image_0899.png,forest
image_0900.png,deforested
image_0901.png,deforested
image_0902.png,forest
image_0903.png,forest
image_0904.png,deforested
image_0905.png,forest
image_0906.png,forest
image_0907.png,forest
image_0908.png,deforested
image_0909.png,deforested
image_0910.png,deforested
image_0911.png,deforested
image_0912.png,deforested
image_0913.png,deforested
image_0914.png,deforested
image_0915.png,deforested
image_0916.png,deforested
image_0917.png,deforested
image_0918.png,forest
image_0919.png,forest
image_0920.png,forest
image_0921.png,forest
image_0922.png,forest
image_0923.png,deforested
image_0924.png,forest
image_0925.png,forest
image_0926.png,forest
image_0927.png,forest
image_0928.png,forest
image_0929.png,deforested
image_0930.png,deforested
image_0931.png,deforested
image_0932.png,deforested
image_0933.png,deforested
image_0934.png,deforested
image_0935.png,forest
image_0936.png,deforested
image_0937.png,deforested
image_0938.png,forest
image_0939.png,deforested
image_0940.png,forest
image_0941.png,forest
image_0942.png,deforested
image_0943.png,deforested
image_0944.png,forest
image_0945.png,deforested
image_0946.png,forest
image_0947.png,forest
image_0948.png,forest
image_0949.png,forest
image_0950.png,forest
image_0951.png,forest
image_0952.png,deforested
image_0953.png,deforested
image_0954.png,deforested
image_0955.png,forest
image_0956.png,deforested
image_0957.png,deforested
image_0958.png,forest
image_0959.png,deforested
image_0960.png,deforested
image_0961.png,forest
image_0962.png,deforested
image_0963.png,deforested
image_0964.png,deforested
image_0965.png,deforested
image_0966.png,deforested
image_0967.png,forest
image_0968.png,deforested
image_0969.png,deforested
image_0970.png,forest
image_0971.png,deforested
image_0972.png,forest
image_0973.png,deforested
image_0974.png,deforested
image_0975.png,deforested
image_0976.png,deforested
image_0977.png,forest
image_0978.png,forest
image_0979.png,forest
image_0980.png,forest
image_0981.png,deforested
image_0982.png,deforested
image_0983.png,deforested
image_0984.png,forest
image_0985.png,deforested
image_0986.png,deforested
image_0987.png,deforested
image_0988.png,deforested
image_0989.png,deforested
image_0990.png,forest
image_0991.png,forest
image_0992.png,forest
image_0993.png,forest
image_0994.png,forest
image_0995.png,deforested
image_0996.png,deforested
image_0997.png,deforested
image_0998.png,forest
image_0999.png,deforested
